<?xml version="1.0" encoding="UTF-8" ?>
<!DOCTYPE mapper PUBLIC "-//mybatis.org//DTD Mapper 3.0//EN"
        "http://mybatis.org/dtd/mybatis-3-mapper.dtd" >
<mapper namespace="com.sky.mapper.CategoryMapper">

    <insert id="insert">
        insert into category (type, name, sort, status, create_time, update_time, create_user, update_user)
        values (#{type}, #{name}, #{sort}, #{status}, #{createTime}, #{updateTime}, #{createUser}, #{updateUser});
    </insert>
    <update id="update">
        update category
        <set>
            <if test="type != null">type = #{type},</if>
            <if test="name != null">name = #{name},</if>
            <if test="sort != null">sort = #{sort},</if>
            <if test="status != null">status = #{status},</if>
            <if test="updateTime != null">update_time = #{updateTime},</if>
            <if test="updateUser != null">update_user = #{updateUser},</if>
        </set>
        where id = #{id}
    </update>
    <select id="pageQuery" resultType="com.sky.entity.Category">
        select * from category
        <where>
            <if test="name != null and name != ''">
                and name like concat('%',#{name},'%')
            </if>
            <if test="type != null">
                and type = #{type}
            </if>
        </where>
        order by sort
    </select>
    <select id="selectByType" resultType="com.sky.entity.Category">
        select * from category
        <where>
            <if test="type != null">and type = #{type} </if>
            and status = 1
        </where>
    </select>
</mapper>